{"cameraMode":{"drawMode":0,"name":"Shaded","section":"Shading Mode"},"sceneLighting":true,"audioPlay":false,"sceneViewState":{"m_AlwaysRefresh":false,"showFog":true,"showSkybox":true,"showFlares":true,"showImageEffects":true,"showParticleSystems":true,"showVisualEffectGraphs":true,"m_FxEnabled":true},"in2DMode":false,"pivot":{"x":-11.279999732971192,"y":0.9919999837875366,"z":-0.09400000423192978},"rotation":{"x":0.1903001070022583,"y":-0.07300705462694168,"z":0.014231368899345398,"w":0.9789583086967468},"size":0.90739506483078,"orthographic":false}